{"stats":{"minecraft:killed_by":{"minecraft:skeleton":1,"minecraft:drowned":1},"minecraft:broken":{"minecraft:wooden_sword":1,"minecraft:wooden_axe":2},"minecraft:picked_up":{"minecraft:crafting_table":7,"farmersdelight:rice":8,"minecraft:brown_mushroom":20,"minecraft:filled_map":2,"minecraft:oak_log":10,"minecraft:lily_pad":16,"minecraft:shield":1,"minecraft:compass":1,"minecraft:blue_orchid":15,"minecraft:apple":1,"minecraft:kelp":3,"minecraft:wheat_seeds":5,"minecraft:spruce_planks":19,"minecraft:heart_of_the_sea":1,"minecraft:iron_ingot":13,"minecraft:iron_pickaxe":1,"minecraft:sugar_cane":34,"minecraft:iron_sword":1,"minecraft:stick":23,"minecraft:sandstone":9,"minecraft:sweet_berries":3,"minecraft:spruce_stairs":2,"minecraft:sand":34,"minecraft:jungle_planks":3,"minecraft:spruce_sapling":23,"minecraft:diorite":6,"minecraft:spruce_log":93,"minecraft:carrot":9,"minecraft:jungle_slab":4,"minecraft:mossy_cobblestone":6,"minecraft:rotten_flesh":8,"minecraft:diamond":1,"minecraft:spruce_boat":3,"minecraft:stone_axe":1,"minecraft:granite":4,"minecraft:oak_sapling":7,"minecraft:mutton":3,"minecraft:white_wool":2},"minecraft:used":{"minecraft:oak_planks":14,"minecraft:shield":2,"minecraft:wooden_pickaxe":20,"minecraft:iron_sword":3,"minecraft:sand":19,"minecraft:mutton":3,"minecraft:crafting_table":6,"minecraft:carrot":11,"minecraft:spruce_log":7,"minecraft:spruce_boat":3,"minecraft:wooden_axe":131,"minecraft:apple":1,"minecraft:stone_axe":63,"minecraft:wooden_sword":73,"minecraft:sweet_berries":3,"minecraft:oak_boat":1},"minecraft:mined":{"minecraft:spruce_planks":17,"minecraft:brown_mushroom":21,"minecraft:mossy_cobblestone":9,"minecraft:kelp_plant":1,"minecraft:jungle_slab":3,"farmersdelight:wild_carrots":9,"minecraft:crafting_table":7,"gravestone:gravestone":2,"minecraft:jungle_planks":2,"minecraft:dead_bush":3,"minecraft:spruce_leaves":5,"minecraft:kelp":1,"minecraft:lily_pad":17,"minecraft:sugar_cane":15,"minecraft:seagrass":3,"minecraft:spruce_stairs":3,"minecraft:tall_seagrass":4,"farmersdelight:wild_rice":8,"minecraft:sweet_berry_bush":1,"minecraft:spruce_log":132,"minecraft:grass":20,"minecraft:oak_log":10,"minecraft:vine":1,"minecraft:sand":13,"minecraft:packed_ice":8,"minecraft:blue_orchid":15,"minecraft:fern":6},"minecraft:custom":{"minecraft:mob_kills":11,"minecraft:interact_with_crafting_table":7,"minecraft:time_since_death":19101,"minecraft:climb_one_cm":1446,"minecraft:time_since_rest":19158,"minecraft:sprint_one_cm":133045,"minecraft:damage_taken":758,"minecraft:walk_one_cm":176698,"minecraft:damage_blocked_by_shield":100,"minecraft:drop":7,"minecraft:damage_dealt":2297,"minecraft:swim_one_cm":46988,"minecraft:fly_one_cm":106502,"minecraft:open_chest":10,"minecraft:crouch_one_cm":880,"minecraft:play_time":65428,"minecraft:deaths":2,"minecraft:sneak_time":2533,"minecraft:walk_under_water_one_cm":29618,"minecraft:boat_one_cm":251959,"minecraft:jump":1209,"minecraft:walk_on_water_one_cm":32408,"minecraft:total_world_time":65428,"minecraft:fall_one_cm":9605},"minecraft:dropped":{"minecraft:iron_sword":1,"minecraft:iron_nugget":19,"minecraft:diamond":1,"minecraft:carrot":3,"minecraft:filled_map":1},"minecraft:killed":{"minecraft:zombie_villager":1,"minecraft:spider":1,"minecraft:sheep":2,"minecraft:zombie":7},"minecraft:crafted":{"minecraft:wooden_sword":1,"minecraft:oak_planks":40,"minecraft:crafting_table":2,"minecraft:spruce_planks":8,"minecraft:wooden_pickaxe":1,"minecraft:iron_sword":1,"minecraft:oak_boat":1,"minecraft:wooden_axe":2}},"DataVersion":3465}