{"stats":{"minecraft:broken":{"minecraft:wooden_sword":1,"minecraft:wooden_axe":2},"minecraft:picked_up":{"minecraft:crafting_table":5,"farmersdelight:rice":8,"minecraft:brown_mushroom":20,"minecraft:oak_log":10,"minecraft:lily_pad":16,"minecraft:shield":1,"minecraft:blue_orchid":15,"minecraft:apple":1,"minecraft:wheat_seeds":5,"minecraft:spruce_planks":6,"minecraft:sugar_cane":33,"minecraft:stick":23,"minecraft:sweet_berries":3,"minecraft:spruce_stairs":1,"minecraft:jungle_planks":3,"minecraft:spruce_sapling":23,"minecraft:spruce_log":92,"minecraft:carrot":9,"minecraft:jungle_slab":4,"minecraft:mossy_cobblestone":6,"minecraft:rotten_flesh":8,"minecraft:diamond":1,"minecraft:stone_axe":1,"minecraft:oak_sapling":7,"minecraft:mutton":3,"minecraft:white_wool":2},"minecraft:used":{"minecraft:oak_planks":14,"minecraft:wooden_pickaxe":20,"minecraft:mutton":3,"minecraft:crafting_table":6,"minecraft:carrot":11,"minecraft:spruce_log":7,"minecraft:wooden_axe":131,"minecraft:apple":1,"minecraft:stone_axe":37,"minecraft:wooden_sword":73,"minecraft:sweet_berries":3,"minecraft:oak_boat":1},"minecraft:mined":{"minecraft:spruce_planks":3,"minecraft:brown_mushroom":21,"minecraft:mossy_cobblestone":9,"minecraft:jungle_slab":3,"farmersdelight:wild_carrots":9,"minecraft:crafting_table":5,"minecraft:jungle_planks":2,"minecraft:dead_bush":3,"minecraft:spruce_leaves":5,"minecraft:lily_pad":17,"minecraft:sugar_cane":13,"minecraft:seagrass":3,"minecraft:spruce_stairs":3,"minecraft:tall_seagrass":4,"farmersdelight:wild_rice":8,"minecraft:sweet_berry_bush":1,"minecraft:spruce_log":131,"minecraft:grass":20,"minecraft:oak_log":10,"minecraft:vine":1,"minecraft:sand":2,"minecraft:blue_orchid":15,"minecraft:fern":6},"minecraft:custom":{"minecraft:mob_kills":11,"minecraft:interact_with_crafting_table":6,"minecraft:time_since_death":41428,"minecraft:climb_one_cm":1446,"minecraft:time_since_rest":41428,"minecraft:sprint_one_cm":94770,"minecraft:damage_taken":458,"minecraft:walk_one_cm":147986,"minecraft:drop":5,"minecraft:damage_dealt":2120,"minecraft:swim_one_cm":19810,"minecraft:fly_one_cm":48464,"minecraft:open_chest":7,"minecraft:crouch_one_cm":522,"minecraft:play_time":41428,"minecraft:sneak_time":2445,"minecraft:walk_under_water_one_cm":2442,"minecraft:boat_one_cm":29700,"minecraft:jump":393,"minecraft:walk_on_water_one_cm":24120,"minecraft:total_world_time":41428,"minecraft:fall_one_cm":7660},"minecraft:dropped":{"minecraft:iron_nugget":19,"minecraft:diamond":1,"minecraft:carrot":3},"minecraft:killed":{"minecraft:zombie_villager":1,"minecraft:spider":1,"minecraft:sheep":2,"minecraft:zombie":7},"minecraft:crafted":{"minecraft:wooden_sword":1,"minecraft:oak_planks":40,"minecraft:crafting_table":2,"minecraft:spruce_planks":8,"minecraft:wooden_pickaxe":1,"minecraft:oak_boat":1,"minecraft:wooden_axe":2}},"DataVersion":3465}