{"stats":{"minecraft:broken":{"minecraft:wooden_axe":1,"minecraft:wooden_sword":1},"minecraft:picked_up":{"minecraft:stick":20,"minecraft:crafting_table":2,"farmersdelight:rice":8,"minecraft:sweet_berries":3,"minecraft:brown_mushroom":12,"minecraft:lily_pad":16,"minecraft:oak_log":10,"minecraft:spruce_sapling":20,"minecraft:spruce_log":50,"minecraft:carrot":9,"minecraft:mossy_cobblestone":2,"minecraft:blue_orchid":15,"minecraft:rotten_flesh":8,"minecraft:apple":1,"minecraft:wheat_seeds":5,"minecraft:oak_sapling":7,"minecraft:sugar_cane":27,"minecraft:mutton":3,"minecraft:white_wool":2},"minecraft:used":{"minecraft:wooden_axe":67,"minecraft:wooden_pickaxe":3,"minecraft:wooden_sword":73,"minecraft:mutton":3,"minecraft:sweet_berries":3,"minecraft:crafting_table":3,"minecraft:carrot":11,"minecraft:spruce_log":7},"minecraft:mined":{"minecraft:seagrass":3,"minecraft:tall_seagrass":4,"minecraft:brown_mushroom":13,"minecraft:mossy_cobblestone":3,"farmersdelight:wild_rice":8,"minecraft:sweet_berry_bush":1,"farmersdelight:wild_carrots":9,"minecraft:spruce_log":57,"minecraft:crafting_table":2,"minecraft:grass":19,"minecraft:oak_log":10,"minecraft:vine":1,"minecraft:dead_bush":3,"minecraft:spruce_leaves":5,"minecraft:blue_orchid":15,"minecraft:lily_pad":17,"minecraft:sugar_cane":11},"minecraft:custom":{"minecraft:time_since_rest":29428,"minecraft:sprint_one_cm":86875,"minecraft:damage_taken":318,"minecraft:walk_one_cm":101104,"minecraft:mob_kills":11,"minecraft:drop":3,"minecraft:damage_dealt":2030,"minecraft:swim_one_cm":19810,"minecraft:interact_with_crafting_table":3,"minecraft:fly_one_cm":38982,"minecraft:crouch_one_cm":508,"minecraft:play_time":29428,"minecraft:sneak_time":2265,"minecraft:walk_under_water_one_cm":2442,"minecraft:jump":320,"minecraft:walk_on_water_one_cm":22939,"minecraft:time_since_death":29428,"minecraft:climb_one_cm":1446,"minecraft:total_world_time":29428,"minecraft:fall_one_cm":6008},"minecraft:dropped":{"minecraft:carrot":3},"minecraft:crafted":{"minecraft:wooden_sword":1,"minecraft:oak_planks":20,"minecraft:crafting_table":1,"minecraft:spruce_planks":8,"minecraft:wooden_pickaxe":1,"minecraft:wooden_axe":1},"minecraft:killed":{"minecraft:sheep":2,"minecraft:zombie":7,"minecraft:zombie_villager":1,"minecraft:spider":1}},"DataVersion":3465}