{"stats":{"minecraft:broken":{"minecraft:wooden_axe":1},"minecraft:picked_up":{"minecraft:stick":14,"minecraft:crafting_table":2,"farmersdelight:rice":8,"minecraft:sweet_berries":3,"minecraft:brown_mushroom":3,"minecraft:lily_pad":3,"minecraft:oak_log":5,"minecraft:spruce_sapling":20,"minecraft:spruce_log":50,"minecraft:carrot":9,"minecraft:rotten_flesh":7,"minecraft:wheat_seeds":5,"minecraft:oak_sapling":3,"minecraft:mutton":3,"minecraft:white_wool":2},"minecraft:used":{"minecraft:wooden_axe":67,"minecraft:wooden_sword":60,"minecraft:sweet_berries":3,"minecraft:crafting_table":2,"minecraft:spruce_log":7},"minecraft:mined":{"minecraft:tall_seagrass":2,"minecraft:brown_mushroom":3,"farmersdelight:wild_rice":8,"minecraft:sweet_berry_bush":1,"farmersdelight:wild_carrots":9,"minecraft:spruce_log":57,"minecraft:crafting_table":2,"minecraft:grass":17,"minecraft:oak_log":5,"minecraft:dead_bush":1,"minecraft:spruce_leaves":5,"minecraft:lily_pad":4},"minecraft:custom":{"minecraft:time_since_rest":17428,"minecraft:sprint_one_cm":35623,"minecraft:damage_taken":155,"minecraft:walk_one_cm":55882,"minecraft:mob_kills":9,"minecraft:damage_dealt":1607,"minecraft:swim_one_cm":433,"minecraft:interact_with_crafting_table":2,"minecraft:fly_one_cm":16391,"minecraft:crouch_one_cm":508,"minecraft:play_time":17428,"minecraft:sneak_time":2255,"minecraft:walk_under_water_one_cm":983,"minecraft:jump":148,"minecraft:walk_on_water_one_cm":5180,"minecraft:time_since_death":17428,"minecraft:climb_one_cm":533,"minecraft:total_world_time":17428,"minecraft:fall_one_cm":3943},"minecraft:crafted":{"minecraft:wooden_sword":1,"minecraft:oak_planks":20,"minecraft:crafting_table":1,"minecraft:spruce_planks":8,"minecraft:wooden_axe":1},"minecraft:killed":{"minecraft:sheep":2,"minecraft:zombie":7}},"DataVersion":3465}