{"stats":{"minecraft:killed_by":{"minecraft:zombie":1},"minecraft:picked_up":{"minecraft:coarse_dirt":4,"minecraft:andesite":8,"minecraft:oak_log":3,"minecraft:spruce_log":1,"minecraft:carrot":3,"minecraft:dirt":22,"minecraft:blue_orchid":1,"minecraft:wheat_seeds":1,"minecraft:sugar_cane":29,"minecraft:cobblestone":24},"minecraft:used":{"minecraft:wooden_pickaxe":49,"minecraft:dirt":6,"minecraft:crafting_table":1,"minecraft:carrot":3,"minecraft:coarse_dirt":4,"minecraft:spruce_log":1},"minecraft:mined":{"minecraft:large_fern":3,"minecraft:podzol":2,"minecraft:coarse_dirt":4,"minecraft:spruce_log":1,"minecraft:andesite":8,"minecraft:grass":4,"minecraft:grass_block":3,"minecraft:oak_log":3,"minecraft:dirt":17,"minecraft:spruce_leaves":4,"minecraft:stone":25,"minecraft:blue_orchid":1,"minecraft:sugar_cane":14,"minecraft:fern":1},"minecraft:custom":{"minecraft:time_since_rest":8997,"minecraft:sprint_one_cm":45310,"minecraft:damage_taken":300,"minecraft:walk_one_cm":21666,"minecraft:drop":1,"minecraft:damage_dealt":8,"minecraft:swim_one_cm":4550,"minecraft:interact_with_crafting_table":1,"minecraft:fly_one_cm":67879,"minecraft:crouch_one_cm":359,"minecraft:play_time":22765,"minecraft:deaths":1,"minecraft:sneak_time":80,"minecraft:walk_under_water_one_cm":109,"minecraft:jump":338,"minecraft:walk_on_water_one_cm":8779,"minecraft:time_since_death":8963,"minecraft:total_world_time":22765,"minecraft:climb_one_cm":813,"minecraft:fall_one_cm":6987},"minecraft:dropped":{"minecraft:wheat_seeds":1},"minecraft:crafted":{"minecraft:oak_planks":12,"minecraft:crafting_table":1,"minecraft:stick":4,"minecraft:wooden_pickaxe":1}},"DataVersion":3465}