{"stats":{"minecraft:picked_up":{"minecraft:wheat_seeds":1,"minecraft:dirt":5},"minecraft:used":{"minecraft:dirt":5},"minecraft:mined":{"minecraft:large_fern":3,"minecraft:dirt":4,"minecraft:fern":1,"minecraft:podzol":1},"minecraft:custom":{"minecraft:jump":127,"minecraft:time_since_rest":10765,"minecraft:crouch_one_cm":359,"minecraft:damage_taken":150,"minecraft:sprint_one_cm":15809,"minecraft:play_time":10765,"minecraft:walk_on_water_one_cm":793,"minecraft:time_since_death":10765,"minecraft:walk_one_cm":8633,"minecraft:sneak_time":48,"minecraft:total_world_time":10765,"minecraft:drop":1,"minecraft:fall_one_cm":3044,"minecraft:fly_one_cm":25063},"minecraft:dropped":{"minecraft:wheat_seeds":1}},"DataVersion":3465}