{"stats":{"minecraft:killed_by":{"minecraft:zombie":1},"minecraft:broken":{"minecraft:wooden_pickaxe":1},"minecraft:picked_up":{"minecraft:stick":9,"minecraft:coarse_dirt":4,"minecraft:andesite":8,"minecraft:spruce_stairs":1,"minecraft:jungle_planks":1,"minecraft:sand":4,"minecraft:oak_log":3,"minecraft:spruce_sapling":6,"minecraft:spruce_log":40,"minecraft:carrot":3,"minecraft:dirt":23,"minecraft:blue_orchid":1,"minecraft:diamond":1,"minecraft:wheat_seeds":2,"minecraft:iron_ingot":4,"minecraft:granite":1,"minecraft:iron_nugget":19,"minecraft:chest":1,"minecraft:sugar_cane":29,"minecraft:cobblestone":34},"minecraft:used":{"minecraft:spruce_boat":1,"minecraft:wooden_pickaxe":59,"minecraft:stone_axe":60,"minecraft:dirt":23,"minecraft:crafting_table":2,"minecraft:andesite":2,"minecraft:carrot":5,"minecraft:coarse_dirt":4,"minecraft:spruce_log":1},"minecraft:mined":{"minecraft:large_fern":4,"minecraft:podzol":2,"minecraft:coarse_dirt":4,"minecraft:spruce_planks":3,"minecraft:jungle_slab":1,"minecraft:spruce_log":42,"minecraft:andesite":8,"minecraft:crafting_table":1,"minecraft:granite":1,"minecraft:grass":4,"minecraft:grass_block":3,"minecraft:oak_log":3,"minecraft:jungle_planks":3,"minecraft:chest":1,"minecraft:sand":2,"minecraft:dirt":18,"minecraft:spruce_leaves":6,"minecraft:stone":34,"minecraft:blue_orchid":1,"minecraft:sugar_cane":14,"minecraft:oak_leaves":1,"minecraft:fern":3},"minecraft:custom":{"minecraft:time_since_rest":20997,"minecraft:sprint_one_cm":61106,"minecraft:damage_taken":470,"minecraft:walk_one_cm":53455,"minecraft:drop":13,"minecraft:damage_dealt":98,"minecraft:swim_one_cm":11928,"minecraft:interact_with_crafting_table":10,"minecraft:fly_one_cm":92849,"minecraft:open_chest":11,"minecraft:crouch_one_cm":1055,"minecraft:play_time":34765,"minecraft:deaths":1,"minecraft:sneak_time":328,"minecraft:walk_under_water_one_cm":849,"minecraft:boat_one_cm":31587,"minecraft:jump":479,"minecraft:walk_on_water_one_cm":11702,"minecraft:time_since_death":20963,"minecraft:total_world_time":34765,"minecraft:climb_one_cm":975,"minecraft:fall_one_cm":9950},"minecraft:dropped":{"minecraft:iron_ingot":6,"minecraft:stone_axe":1,"minecraft:sugar_cane":2,"minecraft:shield":1,"minecraft:wheat_seeds":1,"minecraft:diamond":1,"minecraft:stick":3},"minecraft:crafted":{"minecraft:oak_planks":12,"minecraft:shield":2,"minecraft:crafting_table":2,"minecraft:spruce_planks":156,"minecraft:stick":8,"minecraft:iron_ingot":2,"minecraft:iron_pickaxe":1,"minecraft:wooden_pickaxe":1,"minecraft:stone_pickaxe":1,"minecraft:spruce_boat":1,"minecraft:stone_axe":2}},"DataVersion":3465}