{"stats":{"minecraft:used":{"minecraft:dirt":14},"minecraft:picked_up":{"projectvibrantjourneys:fallen_leaves":1,"minecraft:wheat_seeds":2,"minecraft:snowball":1,"minecraft:dirt":14},"minecraft:killed_by":{"minecraft:zombie":1},"minecraft:custom":{"minecraft:time_since_rest":5289,"minecraft:open_chest":1,"minecraft:crouch_one_cm":238,"minecraft:play_time":27014,"minecraft:sprint_one_cm":10661,"minecraft:deaths":2,"minecraft:damage_taken":685,"minecraft:walk_one_cm":17508,"minecraft:sneak_time":397,"minecraft:jump":151,"minecraft:damage_dealt":20,"minecraft:leave_game":9,"minecraft:time_since_death":5251,"minecraft:total_world_time":27014,"minecraft:fly_one_cm":233955,"minecraft:talked_to_villager":1,"minecraft:fall_one_cm":5112},"minecraft:mined":{"minecraft:grass":2,"projectvibrantjourneys:pinecones":1}},"DataVersion":3465}