{"stats":{"minecraft:killed_by":{"minecraft:zombie":1,"minecraft:drowned":1},"minecraft:broken":{"minecraft:wooden_pickaxe":1},"minecraft:picked_up":{"minecraft:coarse_dirt":4,"minecraft:andesite":8,"minecraft:filled_map":2,"minecraft:oak_log":3,"minecraft:shield":1,"minecraft:dirt":24,"minecraft:blue_orchid":1,"minecraft:wheat_seeds":2,"minecraft:spruce_planks":1,"minecraft:iron_ingot":4,"minecraft:iron_nugget":19,"minecraft:sugar_cane":29,"minecraft:chest":1,"minecraft:stick":9,"minecraft:spruce_stairs":1,"minecraft:sand":4,"minecraft:jungle_planks":1,"minecraft:spruce_sapling":6,"minecraft:spruce_log":41,"minecraft:carrot":3,"minecraft:diamond":1,"minecraft:spruce_boat":1,"minecraft:granite":1,"minecraft:cobblestone":34},"minecraft:used":{"minecraft:stone_pickaxe":1,"minecraft:spruce_planks":3,"minecraft:wooden_pickaxe":59,"minecraft:dirt":23,"minecraft:crafting_table":4,"minecraft:carrot":5,"minecraft:granite":1,"minecraft:spruce_log":1,"minecraft:spruce_boat":3,"minecraft:stone_axe":60,"minecraft:andesite":8,"minecraft:coarse_dirt":4},"minecraft:mined":{"minecraft:podzol":2,"minecraft:spruce_planks":5,"minecraft:jungle_slab":1,"minecraft:crafting_table":1,"gravestone:gravestone":1,"minecraft:granite":1,"minecraft:grass_block":3,"minecraft:jungle_planks":3,"minecraft:chest":1,"minecraft:spruce_leaves":6,"minecraft:sugar_cane":14,"minecraft:large_fern":4,"minecraft:coarse_dirt":4,"minecraft:ice":1,"minecraft:spruce_log":43,"minecraft:andesite":8,"minecraft:grass":4,"minecraft:oak_log":3,"minecraft:dirt":19,"minecraft:sand":2,"minecraft:blue_orchid":1,"minecraft:stone":34,"minecraft:oak_leaves":1,"minecraft:fern":3},"minecraft:custom":{"minecraft:interact_with_crafting_table":13,"minecraft:time_since_death":7701,"minecraft:climb_one_cm":975,"minecraft:time_since_rest":7738,"minecraft:sprint_one_cm":76044,"minecraft:damage_taken":605,"minecraft:walk_one_cm":68881,"minecraft:drop":19,"minecraft:damage_dealt":106,"minecraft:swim_one_cm":29462,"minecraft:fly_one_cm":150807,"minecraft:open_chest":11,"minecraft:crouch_one_cm":1055,"minecraft:play_time":46765,"minecraft:deaths":2,"minecraft:sneak_time":337,"minecraft:walk_under_water_one_cm":4544,"minecraft:boat_one_cm":116457,"minecraft:jump":658,"minecraft:walk_on_water_one_cm":14941,"minecraft:total_world_time":46765,"minecraft:fall_one_cm":10159},"minecraft:dropped":{"minecraft:iron_ingot":6,"minecraft:stone_axe":1,"minecraft:compass":1,"minecraft:sugar_cane":2,"minecraft:wheat_seeds":1,"minecraft:diamond":1,"minecraft:stick":3,"minecraft:filled_map":2,"minecraft:spruce_boat":1,"minecraft:shield":2,"minecraft:iron_pickaxe":1},"minecraft:crafted":{"minecraft:wooden_sword":1,"minecraft:oak_planks":12,"minecraft:crafting_table":4,"minecraft:spruce_planks":156,"minecraft:wooden_pickaxe":1,"minecraft:stone_axe":2,"minecraft:shield":2,"minecraft:stick":8,"minecraft:iron_ingot":2,"minecraft:iron_pickaxe":1,"minecraft:stone_pickaxe":1,"minecraft:spruce_boat":3}},"DataVersion":3465}